model,lens,layer,metric,estimate,low,high
base,published,16,clean_kurtosis,1.5125775337219238,1.4436820030212403,1.571641445159912
base,published,16,lesion_kurtosis,0.8216097354888916,0.8083586692810059,0.8449170589447021
base,published,16,lesion_minus_clean_kurtosis,-0.5988166332244873,-0.6303277015686035,-0.510291337966919
base,published,16,lesion_to_clean_norm_ratio,0.9941553473472595,0.9940540194511414,0.9942686922848225
base,published,16,clean_lesion_cosine,0.993591845035553,0.993135929107666,0.9940799385309219
base,published,18,clean_kurtosis,1.5936145782470703,1.536705493927002,1.6491175711154935
base,published,18,lesion_kurtosis,0.776893138885498,0.7060762882232666,0.8663151264190674
base,published,18,lesion_minus_clean_kurtosis,-0.7385127544403076,-0.9422507286071777,-0.6564785242080688
base,published,18,lesion_to_clean_norm_ratio,0.9419453740119934,0.9409559369087219,0.9426926374435425
base,published,18,clean_lesion_cosine,0.9652956128120422,0.9647604160010814,0.9664866924285889
base,published,19,clean_kurtosis,1.9852304458618164,1.8778009414672852,2.0867185592651367
base,published,19,lesion_kurtosis,0.9636693000793457,0.9040768146514893,1.0527424812316895
base,published,19,lesion_minus_clean_kurtosis,-0.9523913860321045,-1.027055263519287,-0.8587033748626709
base,published,19,lesion_to_clean_norm_ratio,0.8820085525512695,0.8789786100387573,0.8856762513518333
base,published,19,clean_lesion_cosine,0.9313579797744751,0.9289815425872803,0.9343387484550476
base,published,20,clean_kurtosis,1.8054819107055664,1.7049846649169922,2.0212764739990234
base,published,20,lesion_kurtosis,1.0538558959960938,0.9966084957122803,1.130655288696289
base,published,20,lesion_minus_clean_kurtosis,-0.787376880645752,-1.1017076969146729,-0.5942330360412598
base,published,20,lesion_to_clean_norm_ratio,0.8425940275192261,0.8400133289396763,0.8482114672660828
base,published,20,clean_lesion_cosine,0.8923003673553467,0.8906974196434021,0.8943645901978016
base,published,21,clean_kurtosis,1.9298515319824219,1.909637063741684,1.964369297027588
base,published,21,lesion_kurtosis,1.0173039436340332,0.9885108470916748,1.0746681690216064
base,published,21,lesion_minus_clean_kurtosis,-0.8697481155395508,-0.9058852195739746,-0.8126944065093995
base,published,21,lesion_to_clean_norm_ratio,0.8171082139015198,0.8059597611427307,0.8242922425270081
base,published,21,clean_lesion_cosine,0.8748340606689453,0.8710490763187408,0.880107581615448
base,published,22,clean_kurtosis,2.4268345832824707,2.288543236255646,2.68593168258667
base,published,22,lesion_kurtosis,1.2582602500915527,1.1703604459762573,1.320509910583496
base,published,22,lesion_minus_clean_kurtosis,-1.4670143127441406,-1.5499134063720703,-1.177435278892517
base,published,22,lesion_to_clean_norm_ratio,0.7831193804740906,0.7788971066474915,0.7874274849891663
base,published,22,clean_lesion_cosine,0.8523324728012085,0.8489540815353394,0.8575847148895264
base,own_fresh,16,clean_kurtosis,1.2461881637573242,1.204810619354248,1.2876715660095215
base,own_fresh,16,lesion_kurtosis,0.6807081699371338,0.6550126075744629,0.7042216002941132
base,own_fresh,16,lesion_minus_clean_kurtosis,-0.47655797004699707,-0.5508949786424637,-0.4057474136352539
base,own_fresh,16,lesion_to_clean_norm_ratio,0.9936739802360535,0.9932847023010254,0.9940434098243713
base,own_fresh,16,clean_lesion_cosine,0.9923011064529419,0.9914388060569763,0.9926807880401611
base,own_fresh,18,clean_kurtosis,1.44384765625,1.3789777755737305,1.4824528694152832
base,own_fresh,18,lesion_kurtosis,0.7041676044464111,0.6749300956726074,0.7662031650543213
base,own_fresh,18,lesion_minus_clean_kurtosis,-0.7270286083221436,-0.8021783828735352,-0.6704976558685303
base,own_fresh,18,lesion_to_clean_norm_ratio,0.9348155856132507,0.9330941736698151,0.9375122785568237
base,own_fresh,18,clean_lesion_cosine,0.964444637298584,0.9629184007644653,0.9659422636032104
base,own_fresh,19,clean_kurtosis,1.7249879837036133,1.654101848602295,1.796769493818283
base,own_fresh,19,lesion_kurtosis,1.04425048828125,0.9048194885253906,1.1958074569702148
base,own_fresh,19,lesion_minus_clean_kurtosis,-0.6919777393341064,-0.819602119922638,-0.5545854568481445
base,own_fresh,19,lesion_to_clean_norm_ratio,0.8736652135848999,0.8716917634010315,0.8790712356567383
base,own_fresh,19,clean_lesion_cosine,0.9262856841087341,0.9250757098197937,0.9295682907104492
base,own_fresh,20,clean_kurtosis,1.7458653450012207,1.6656157970428467,1.8634014129638672
base,own_fresh,20,lesion_kurtosis,0.9186387062072754,0.8793377876281738,0.9677774906158447
base,own_fresh,20,lesion_minus_clean_kurtosis,-0.8813016414642334,-0.9971895217895508,-0.7352266311645508
base,own_fresh,20,lesion_to_clean_norm_ratio,0.8388789892196655,0.8332051336765289,0.8414943113923072
base,own_fresh,20,clean_lesion_cosine,0.8906732797622681,0.8892195224761963,0.8956968784332275
base,own_fresh,21,clean_kurtosis,1.968003749847412,1.9441680908203125,1.9960989952087402
base,own_fresh,21,lesion_kurtosis,0.8631823062896729,0.8054640293121338,0.9024531841278076
base,own_fresh,21,lesion_minus_clean_kurtosis,-1.0994949340820312,-1.1522455215454102,-1.0481892824172974
base,own_fresh,21,lesion_to_clean_norm_ratio,0.8073084354400635,0.8041658699512482,0.8116199970245361
base,own_fresh,21,clean_lesion_cosine,0.8717286586761475,0.8687170743942261,0.8766074180603027
base,own_fresh,22,clean_kurtosis,2.4813594818115234,2.3758187294006348,2.7953858375549316
base,own_fresh,22,lesion_kurtosis,0.9937670230865479,0.9140872955322266,1.0935746312141417
base,own_fresh,22,lesion_minus_clean_kurtosis,-1.7004148960113525,-1.8491900324821473,-1.2764459192752846
base,own_fresh,22,lesion_to_clean_norm_ratio,0.7788682579994202,0.7761915788054466,0.7820690274238586
base,own_fresh,22,clean_lesion_cosine,0.8525303602218628,0.8498258255422115,0.8572801351547241
primary,published,16,clean_kurtosis,1.2059502601623535,1.153407096862793,1.2524045050144195
primary,published,16,lesion_kurtosis,0.8517260551452637,0.7974226474761963,0.8766145706176758
primary,published,16,lesion_minus_clean_kurtosis,-0.3444974422454834,-0.37231596410274503,-0.30455756187438965
primary,published,16,lesion_to_clean_norm_ratio,0.9907549619674683,0.9893931150436401,0.9914946556091309
primary,published,16,clean_lesion_cosine,0.9883614778518677,0.9870129227638245,0.9896488189697266
primary,published,18,clean_kurtosis,1.4292149543762207,1.3348703384399414,1.7486262321472168
primary,published,18,lesion_kurtosis,1.5303449630737305,1.4927473068237305,1.5753593444824219
primary,published,18,lesion_minus_clean_kurtosis,-0.03033304214477539,-0.20658636093139648,0.11536979675292969
primary,published,18,lesion_to_clean_norm_ratio,0.9375524520874023,0.9336252264678478,0.9421586990356445
primary,published,18,clean_lesion_cosine,0.9563430547714233,0.9540590047836304,0.9581344723701477
primary,published,19,clean_kurtosis,1.7435340881347656,1.6625232696533203,2.1312105655670166
primary,published,19,lesion_kurtosis,1.5428543090820312,1.496969223022461,1.6760835647583008
primary,published,19,lesion_minus_clean_kurtosis,-0.34514617919921875,-0.6377501487731934,-0.07716083526611328
primary,published,19,lesion_to_clean_norm_ratio,0.8776399493217468,0.8754732012748718,0.8812933564186096
primary,published,19,clean_lesion_cosine,0.9168312549591064,0.9118333294987678,0.9198739528656006
primary,published,20,clean_kurtosis,1.640721321105957,1.4769649505615234,2.314164161682129
primary,published,20,lesion_kurtosis,1.5434155464172363,1.4774208068847656,1.6916618347167969
primary,published,20,lesion_minus_clean_kurtosis,-0.36197328567504883,-0.7548686623573303,-0.09162473678588867
primary,published,20,lesion_to_clean_norm_ratio,0.863416850566864,0.8495818972587585,0.8710610270500183
primary,published,20,clean_lesion_cosine,0.884577751159668,0.8752852976322174,0.8916560411453247
primary,published,21,clean_kurtosis,1.8364825248718262,1.7260560989379883,1.9080557823181152
primary,published,21,lesion_kurtosis,1.5095634460449219,1.439992904663086,1.555415153503418
primary,published,21,lesion_minus_clean_kurtosis,-0.37067317962646484,-0.466519832611084,-0.14729642868041992
primary,published,21,lesion_to_clean_norm_ratio,0.8397959470748901,0.8367450833320618,0.8440209627151489
primary,published,21,clean_lesion_cosine,0.869418203830719,0.8653483688831329,0.878485257923603
primary,published,22,clean_kurtosis,2.1674537658691406,2.1132545471191406,2.201840400695801
primary,published,22,lesion_kurtosis,1.5831546783447266,1.4670910835266113,1.7439599990844714
primary,published,22,lesion_minus_clean_kurtosis,-0.5446767807006836,-0.6241469383239746,-0.4911700367927553
primary,published,22,lesion_to_clean_norm_ratio,0.8433982133865356,0.837946355342865,0.850217878818512
primary,published,22,clean_lesion_cosine,0.8716727495193481,0.8642584085464478,0.8782933950424194
primary,own_fresh,16,clean_kurtosis,1.1405553817749023,1.0173519015312196,1.2964024543762207
primary,own_fresh,16,lesion_kurtosis,0.8365423679351807,0.7824897766113281,0.9520251750946045
primary,own_fresh,16,lesion_minus_clean_kurtosis,-0.26912426948547363,-0.3022660702466965,-0.23852801322937012
primary,own_fresh,16,lesion_to_clean_norm_ratio,0.9874354600906372,0.9867735505104065,0.9881330132484436
primary,own_fresh,16,clean_lesion_cosine,0.9829409122467041,0.9818897247314453,0.9845872819423676
primary,own_fresh,18,clean_kurtosis,1.377047061920166,1.3034439086914062,1.848008155822754
primary,own_fresh,18,lesion_kurtosis,1.40576171875,1.3276944160461426,1.481067180633545
primary,own_fresh,18,lesion_minus_clean_kurtosis,-0.09967470169067383,-0.4123520851135254,0.14761781692504883
primary,own_fresh,18,lesion_to_clean_norm_ratio,0.9350529313087463,0.9312196969985962,0.9373607359826565
primary,own_fresh,18,clean_lesion_cosine,0.9540038108825684,0.952336847782135,0.9566534757614136
primary,own_fresh,19,clean_kurtosis,1.6727404594421387,1.5794105529785156,2.2734419405460353
primary,own_fresh,19,lesion_kurtosis,1.4075984954833984,1.3158164858818053,1.4504307508468628
primary,own_fresh,19,lesion_minus_clean_kurtosis,-0.4343729019165039,-0.9606936573982239,-0.13358592987060547
primary,own_fresh,19,lesion_to_clean_norm_ratio,0.8730909824371338,0.8699732631444931,0.8750183917582035
primary,own_fresh,19,clean_lesion_cosine,0.9078735113143921,0.9061508774757385,0.9106156229972839
primary,own_fresh,20,clean_kurtosis,1.6765460968017578,1.475471019744873,2.6242074966430664
primary,own_fresh,20,lesion_kurtosis,1.3162884712219238,1.2536535263061523,1.433393955230713
primary,own_fresh,20,lesion_minus_clean_kurtosis,-0.39066314697265625,-1.303206443786621,-0.2264547348022461
primary,own_fresh,20,lesion_to_clean_norm_ratio,0.8600112795829773,0.8331826567649842,0.8663226664066315
primary,own_fresh,20,clean_lesion_cosine,0.8709378242492676,0.8611876964569092,0.879852682352066
primary,own_fresh,21,clean_kurtosis,1.9812026023864746,1.8857231140136719,2.138822078704834
primary,own_fresh,21,lesion_kurtosis,1.2692790031433105,1.2211847305297852,1.2975418388843534
primary,own_fresh,21,lesion_minus_clean_kurtosis,-0.7615718841552734,-0.8880114555358887,-0.6430449485778809
primary,own_fresh,21,lesion_to_clean_norm_ratio,0.8296231031417847,0.8242156066000461,0.8348066210746765
primary,own_fresh,21,clean_lesion_cosine,0.8549701571464539,0.8488046526908875,0.8653027415275574
primary,own_fresh,22,clean_kurtosis,2.4555678367614746,2.401334762573242,2.490234375
primary,own_fresh,22,lesion_kurtosis,1.3936305046081543,1.3009753227233887,1.5120862126350403
primary,own_fresh,22,lesion_minus_clean_kurtosis,-1.0150885581970215,-1.099003368616104,-0.8915352821350098
primary,own_fresh,22,lesion_to_clean_norm_ratio,0.8346112370491028,0.8296027779579163,0.8409475088119507
primary,own_fresh,22,clean_lesion_cosine,0.8575483560562134,0.8455693125724792,0.8628943264484406
replicate,published,16,clean_kurtosis,1.0667033195495605,1.0401315689086914,1.1141038358211512
replicate,published,16,lesion_kurtosis,0.7602171897888184,0.7268948554992676,0.7979922294616699
replicate,published,16,lesion_minus_clean_kurtosis,-0.2929720878601074,-0.34189558029174805,-0.260394811630249
replicate,published,16,lesion_to_clean_norm_ratio,0.9947450757026672,0.9945815205574036,0.9948408603668213
replicate,published,16,clean_lesion_cosine,0.9934478402137756,0.993172287940979,0.993580561876297
replicate,published,18,clean_kurtosis,1.1738529205322266,1.1370563507080078,1.1937379837036133
replicate,published,18,lesion_kurtosis,1.3012042045593262,1.2388830184936523,1.350454330444336
replicate,published,18,lesion_minus_clean_kurtosis,0.08698558807373047,0.05829572677612305,0.12424230575561523
replicate,published,18,lesion_to_clean_norm_ratio,0.9444494247436523,0.9430487968027592,0.9469950199127197
replicate,published,18,clean_lesion_cosine,0.9627320170402527,0.9617108106613159,0.9637805819511414
replicate,published,19,clean_kurtosis,1.4822759628295898,1.4490947723388672,1.5891327857971191
replicate,published,19,lesion_kurtosis,1.2712030410766602,1.1940069198608398,1.3830857276916504
replicate,published,19,lesion_minus_clean_kurtosis,-0.22539854049682617,-0.3490285873413086,-0.1293344497680664
replicate,published,19,lesion_to_clean_norm_ratio,0.8802520632743835,0.8756449222564697,0.8843510746955872
replicate,published,19,clean_lesion_cosine,0.9214287400245667,0.9199984669685364,0.924286961555481
replicate,published,20,clean_kurtosis,1.351144790649414,1.277998447418213,1.7013964653015137
replicate,published,20,lesion_kurtosis,1.32688570022583,1.2390761375427246,1.4572031259536742
replicate,published,20,lesion_minus_clean_kurtosis,-0.15662574768066406,-0.3205035924911499,-0.03578758239746094
replicate,published,20,lesion_to_clean_norm_ratio,0.8657141923904419,0.8588917255401611,0.8746842741966248
replicate,published,20,clean_lesion_cosine,0.8903904557228088,0.8850298523902893,0.8938664197921753
replicate,published,21,clean_kurtosis,1.4244685173034668,1.3631820678710938,1.476475715637207
replicate,published,21,lesion_kurtosis,1.294344425201416,1.1664018630981445,1.3937745094299316
replicate,published,21,lesion_minus_clean_kurtosis,-0.13494348526000977,-0.2642782568931579,0.030357837677001953
replicate,published,21,lesion_to_clean_norm_ratio,0.8506441712379456,0.8475364446640015,0.8529466390609741
replicate,published,21,clean_lesion_cosine,0.8856217861175537,0.8803077936172485,0.8913949728012085
replicate,published,22,clean_kurtosis,1.8103814125061035,1.752246379852295,1.8810161411762236
replicate,published,22,lesion_kurtosis,1.4400262832641602,1.309929370880127,1.6358585357666016
replicate,published,22,lesion_minus_clean_kurtosis,-0.3452904224395752,-0.4015512466430664,-0.23221540451049805
replicate,published,22,lesion_to_clean_norm_ratio,0.8622961640357971,0.8572288155555725,0.868608832359314
replicate,published,22,clean_lesion_cosine,0.8878404498100281,0.8841231465339661,0.8935835957527161
replicate,own_fresh,16,clean_kurtosis,0.8420283794403076,0.8226962089538574,0.8653640747070312
replicate,own_fresh,16,lesion_kurtosis,0.6258797645568848,0.5897645950317383,0.6957112103700634
replicate,own_fresh,16,lesion_minus_clean_kurtosis,-0.2866377830505371,-0.35696613788604736,-0.18655571341514596
replicate,own_fresh,16,lesion_to_clean_norm_ratio,0.9942511320114136,0.9887254238128662,0.9946867823600769
replicate,own_fresh,16,clean_lesion_cosine,0.9925036430358887,0.9882466793060303,0.9932174384593964
replicate,own_fresh,18,clean_kurtosis,1.1649718284606934,1.1331291198730469,1.1957017421722411
replicate,own_fresh,18,lesion_kurtosis,1.1989874839782715,1.1453399658203125,1.2321155071258545
replicate,own_fresh,18,lesion_minus_clean_kurtosis,0.040660858154296875,-0.00850057601928711,0.0990595817565918
replicate,own_fresh,18,lesion_to_clean_norm_ratio,0.9439706206321716,0.9415482074022293,0.94674411714077
replicate,own_fresh,18,clean_lesion_cosine,0.9604097604751587,0.9592201113700867,0.9623730778694153
replicate,own_fresh,19,clean_kurtosis,1.4145660400390625,1.3684463500976562,1.652350902557373
replicate,own_fresh,19,lesion_kurtosis,1.054786205291748,1.0145998001098633,1.1487464904785156
replicate,own_fresh,19,lesion_minus_clean_kurtosis,-0.32952022552490234,-0.4400815963745117,-0.2645726203918457
replicate,own_fresh,19,lesion_to_clean_norm_ratio,0.8808854818344116,0.8782144784927368,0.8837559819221497
replicate,own_fresh,19,clean_lesion_cosine,0.9128976464271545,0.9111641645431519,0.915924608707428
replicate,own_fresh,20,clean_kurtosis,1.3766436576843262,1.286300528049469,1.9207220077514648
replicate,own_fresh,20,lesion_kurtosis,1.2137470245361328,1.139233112335205,1.3020105361938477
replicate,own_fresh,20,lesion_minus_clean_kurtosis,-0.3531639575958252,-0.5654330253601074,-0.14707565307617188
replicate,own_fresh,20,lesion_to_clean_norm_ratio,0.8668228983879089,0.8475533127784729,0.873180091381073
replicate,own_fresh,20,clean_lesion_cosine,0.8759768009185791,0.870366245508194,0.8834750950336456
replicate,own_fresh,21,clean_kurtosis,1.6131958961486816,1.4770536422729492,1.6657500267028809
replicate,own_fresh,21,lesion_kurtosis,1.0837516784667969,1.0215702056884766,1.149733066558838
replicate,own_fresh,21,lesion_minus_clean_kurtosis,-0.4682803153991699,-0.5667734146118164,-0.3027358055114746
replicate,own_fresh,21,lesion_to_clean_norm_ratio,0.8451406955718994,0.8431873917579651,0.8472067713737488
replicate,own_fresh,21,clean_lesion_cosine,0.8709313273429871,0.8638309679925442,0.8767669796943665
replicate,own_fresh,22,clean_kurtosis,2.0101542472839355,1.9297614097595215,2.0687642097473145
replicate,own_fresh,22,lesion_kurtosis,1.277348518371582,1.168581485748291,1.4327926635742188
replicate,own_fresh,22,lesion_minus_clean_kurtosis,-0.597198486328125,-0.6494688987731934,-0.535581696033478
replicate,own_fresh,22,lesion_to_clean_norm_ratio,0.8485780954360962,0.8446698188781738,0.8561406336724758
replicate,own_fresh,22,clean_lesion_cosine,0.8730601072311401,0.867073655128479,0.8821135759353638
